{
  "train_mae": 4.265904426574707,
  "train_rmse": 5.40240765338651,
  "train_r2": 0.934994637966156,
  "test_mae": 4.913463592529297,
  "test_rmse": 6.095480648675616,
  "test_r2": 0.9167989492416382,
  "mae_gap": 0.6475591659545898,
  "rmse_gap": 0.6930729952891053,
  "r2_gap": 0.018195688724517822
}